Attendance,InternalMarks,AssignmentMarks,StudyHours,PreviousGPA,PreviousFailures,Department,Gender,FinalMarks,AtRisk
96.39,46.78,77.53,7.28,5.38,2,EEE,Female,83.93,No
96.78,64.93,53.32,2.52,7.24,1,CSE,Female,82.29,No
100.0,67.54,89.13,8.38,8.34,0,ECE,Female,100.0,No
69.43,68.83,83.13,4.85,6.26,1,IT,Female,82.72,No
76.06,73.79,84.41,4.44,5.57,0,CSE,Male,86.07,No
92.15,87.35,65.25,5.31,6.9,0,IT,Male,99.36,No
80.2,71.13,83.52,5.04,5.41,2,CSE,Female,74.27,Yes
85.04,90.3,91.23,9.62,7.03,1,CSE,Male,100.0,No
82.34,41.81,63.92,2.06,8.71,0,CSE,Male,71.85,Yes
77.25,64.62,74.01,1.6,5.9,2,CSE,Male,53.66,Yes
84.51,56.37,63.04,8.75,8.13,0,IT,Female,100.0,No
80.08,76.3,49.29,5.78,7.23,1,ME,Male,82.35,No
65.19,48.96,51.52,2.04,5.44,2,ME,Female,57.64,Yes
68.3,70.55,74.97,6.44,6.34,0,CSE,Female,85.77,No
83.98,56.82,92.25,5.03,6.34,1,ME,Male,98.48,No
89.41,76.27,70.42,4.46,8.07,0,ECE,Male,91.63,No
84.47,64.06,96.08,7.85,7.98,3,IT,Male,87.76,No
70.78,76.94,66.65,5.81,7.97,0,ECE,Male,88.2,No
86.18,71.74,56.15,0.77,8.01,2,CSE,Male,73.33,Yes
79.44,77.04,65.81,2.87,7.97,0,ME,Male,82.82,No
77.9,70.92,62.83,7.26,6.98,1,CSE,Male,87.66,No
95.76,39.42,100.0,7.16,6.17,0,ME,Male,81.21,No
79.36,70.49,71.74,2.41,4.93,1,EEE,Male,59.22,Yes
77.78,56.35,62.9,8.56,6.56,0,ECE,Female,75.63,Yes
79.04,71.3,49.76,1.95,7.74,0,IT,Female,85.44,No
78.42,86.61,54.08,6.13,7.89,1,IT,Female,93.58,No
75.72,76.97,85.71,3.56,6.66,1,ME,Male,77.56,Yes
91.63,66.65,60.99,5.24,7.73,1,ECE,Female,83.56,No
72.95,55.09,32.35,8.52,5.92,0,ECE,Female,73.44,Yes
89.7,67.51,71.93,4.15,8.07,0,ECE,Male,100.0,No
75.01,41.55,78.43,4.65,7.87,1,IT,Female,79.87,No
68.09,89.71,62.03,2.98,7.6,3,CSE,Male,77.92,Yes
82.61,50.08,78.62,6.18,9.1,0,ECE,Female,90.16,No
82.09,62.8,69.19,3.47,7.18,0,ECE,Male,83.2,No
85.77,48.42,70.78,3.7,6.05,0,ME,Male,64.5,Yes
69.87,57.25,89.38,6.13,6.57,0,EEE,Male,93.56,No
84.17,98.29,66.74,5.81,5.62,0,ME,Female,99.69,No
82.34,68.26,69.39,7.25,8.16,2,IT,Female,80.88,No
100.0,91.75,92.74,3.36,7.0,0,ME,Male,96.25,No
63.65,63.44,47.38,7.44,6.88,0,IT,Female,86.69,No
68.89,77.55,79.65,5.44,7.04,1,CSE,Female,88.57,No
74.07,72.67,70.68,7.49,5.63,4,CSE,Male,71.0,Yes
60.93,51.78,82.12,6.63,8.03,1,IT,Male,89.08,No
86.57,77.98,82.23,8.11,8.84,0,CSE,Male,100.0,No
65.31,51.05,78.41,5.18,7.61,0,ECE,Female,80.91,No
74.41,78.79,64.43,8.06,8.44,0,IT,Female,95.58,No
83.96,80.97,88.19,7.21,6.19,2,EEE,Female,75.72,Yes
72.41,67.3,72.57,5.07,6.08,0,IT,Female,88.67,No
69.02,71.91,82.06,4.31,7.33,0,ECE,Male,94.61,No
78.81,58.72,69.68,5.0,8.63,0,CSE,Female,86.79,No
77.57,72.58,71.0,6.15,7.11,0,IT,Male,94.02,No
65.15,60.66,81.94,3.51,6.78,0,ECE,Male,80.36,No
78.82,89.41,75.48,3.64,7.02,0,EEE,Male,85.85,No
86.54,63.69,87.27,9.31,7.98,1,CSE,Male,99.01,No
63.05,76.62,74.16,2.54,5.36,0,IT,Female,72.38,Yes
89.18,62.23,61.27,6.31,6.02,1,ECE,Female,86.17,No
84.26,64.77,90.73,8.11,6.88,3,CSE,Male,87.1,No
67.1,69.39,65.84,3.25,7.76,1,IT,Female,71.17,Yes
61.47,46.21,70.64,6.4,5.85,1,IT,Female,50.36,Yes
79.1,47.3,89.51,3.88,6.83,0,ECE,Female,71.89,Yes
96.28,53.98,90.05,6.27,5.49,2,IT,Male,87.71,No
39.1,100.0,77.0,5.67,8.48,0,EEE,Male,87.96,No
100.0,62.92,76.32,4.07,9.01,1,IT,Female,100.0,No
80.44,67.33,64.8,7.4,6.08,0,EEE,Female,95.94,No
54.15,84.01,81.05,3.72,6.46,0,CSE,Male,82.97,No
80.36,59.92,83.61,0.5,4.88,0,ECE,Female,53.22,Yes
89.46,72.93,92.13,8.28,6.0,1,IT,Female,91.44,No
72.47,76.08,78.48,3.3,7.0,1,ME,Female,83.52,No
70.06,91.32,77.4,7.59,6.51,0,CSE,Male,94.83,No
83.9,75.1,61.19,5.51,5.88,1,EEE,Female,81.0,No
88.29,59.08,77.04,2.87,7.82,3,ECE,Male,72.15,Yes
80.92,77.45,70.04,1.36,7.51,2,ECE,Male,71.15,Yes
70.8,64.53,75.11,5.42,5.62,0,CSE,Male,79.41,No
75.5,74.01,75.05,1.37,9.09,1,ECE,Female,77.86,Yes
74.28,80.45,66.03,3.92,6.26,3,IT,Female,58.84,Yes
77.75,61.92,76.97,1.53,9.39,0,CSE,Male,79.78,No
72.72,59.22,60.44,5.77,6.39,0,ECE,Female,87.56,No
70.26,63.08,74.5,4.34,8.11,1,CSE,Male,84.15,No
68.49,83.64,47.11,8.52,8.78,2,ME,Male,99.62,No
75.35,88.16,77.65,5.7,8.06,1,ME,Male,99.54,No
81.52,100.0,91.35,6.24,5.49,1,CSE,Female,93.4,No
95.73,76.86,65.82,3.27,5.27,0,ME,Female,84.55,No
81.74,34.07,75.45,7.58,8.74,2,CSE,Female,89.16,No
77.07,63.2,71.35,4.64,6.62,0,CSE,Male,82.84,No
85.14,87.73,76.89,5.67,7.93,0,IT,Male,100.0,No
79.16,69.0,69.07,3.14,7.39,1,EEE,Male,90.05,No
85.51,78.1,72.34,6.39,6.77,1,EEE,Male,90.45,No
81.99,66.67,61.63,1.54,8.22,0,ECE,Male,87.21,No
87.9,88.26,88.07,9.05,7.28,1,IT,Male,100.0,No
78.84,66.96,72.5,4.56,7.8,0,ECE,Female,80.48,No
70.81,60.57,63.66,9.05,5.85,2,ECE,Male,82.91,No
59.82,79.77,68.26,6.94,6.06,1,IT,Male,88.94,No
76.69,89.67,71.55,7.25,5.17,0,ECE,Male,96.6,No
65.93,61.76,70.84,5.87,6.99,0,ME,Male,85.87,No
53.53,94.34,80.6,6.59,5.78,2,EEE,Female,73.5,Yes
61.11,100.0,82.15,3.59,5.96,0,IT,Male,91.07,No
88.98,61.57,83.39,5.89,6.39,0,EEE,Female,96.69,No
87.86,37.04,63.58,5.42,6.62,0,ECE,Female,87.5,No
57.56,71.41,76.38,7.89,6.48,0,IT,Male,90.94,No
71.25,78.58,72.57,5.23,6.77,3,CSE,Male,79.48,No
82.86,48.31,49.77,7.7,8.11,0,ME,Female,93.81,No
86.61,37.22,62.42,5.27,6.79,0,IT,Female,73.82,Yes
61.05,78.52,75.51,9.58,5.51,1,CSE,Male,89.94,No
68.18,100.0,69.08,5.01,7.55,3,ME,Male,74.15,Yes
78.91,53.94,67.23,7.6,5.18,1,ME,Male,75.08,Yes
67.93,61.17,69.67,7.51,6.43,1,CSE,Male,76.85,Yes
71.28,60.78,82.9,5.37,5.8,1,IT,Male,68.12,Yes
86.16,57.1,98.74,9.54,8.21,1,CSE,Female,100.0,No
67.23,55.14,85.84,6.01,6.91,1,CSE,Male,88.11,No
65.25,65.79,90.98,4.08,7.81,0,IT,Male,81.68,No
74.14,69.03,54.04,6.43,8.86,0,IT,Female,93.03,No
89.66,58.2,59.09,6.03,6.95,1,EEE,Male,70.22,Yes
76.24,71.28,65.62,6.3,7.69,2,CSE,Male,80.06,No
79.33,42.73,75.67,7.9,7.22,0,IT,Male,88.07,No
76.65,66.74,62.45,6.72,8.04,0,EEE,Male,82.04,No
85.95,49.31,68.02,5.32,6.19,0,EEE,Male,82.12,No
70.16,57.42,59.99,6.6,5.4,0,EEE,Female,86.12,No
80.24,81.76,62.8,3.15,5.86,0,IT,Female,94.35,No
63.98,78.16,69.25,3.85,5.81,1,ECE,Female,70.95,Yes
76.61,75.42,84.02,9.15,6.37,1,ECE,Female,98.84,No
100.0,72.31,54.56,6.63,6.57,0,CSE,Female,96.26,No
78.16,52.45,47.99,8.18,5.07,2,EEE,Male,60.26,Yes
79.16,60.76,70.74,5.21,7.53,1,IT,Female,80.6,No
80.79,52.51,52.8,4.72,7.28,1,EEE,Male,75.64,Yes
80.6,54.3,52.19,4.73,7.95,1,ME,Male,82.26,No
65.07,72.87,68.09,7.28,6.28,0,EEE,Male,94.6,No
79.39,70.61,73.49,4.13,7.41,2,IT,Male,79.05,No
90.65,48.28,77.06,7.94,5.45,0,ECE,Female,78.28,Yes
66.11,54.15,73.93,4.52,5.58,4,IT,Male,51.78,Yes
85.54,64.06,77.8,5.54,8.02,1,IT,Male,82.27,No
100.0,44.74,48.31,1.61,5.83,0,ME,Male,70.65,Yes
100.0,52.24,76.44,5.33,5.8,1,ME,Female,92.93,No
74.7,69.79,85.56,6.81,8.29,0,CSE,Female,94.26,No
60.77,60.13,77.92,9.23,6.42,0,IT,Male,93.22,No
80.73,63.3,66.13,5.55,7.2,2,CSE,Female,77.97,Yes
74.29,61.94,85.25,3.73,8.05,0,EEE,Female,89.47,No
80.57,52.87,62.18,7.42,9.43,3,CSE,Female,96.44,No
71.47,57.31,92.46,4.68,3.38,0,CSE,Male,72.55,Yes
81.77,54.31,63.71,6.89,4.6,1,CSE,Female,66.56,Yes
63.03,58.16,51.62,3.64,8.43,1,ME,Male,67.22,Yes
77.14,39.47,53.17,5.65,4.07,0,ECE,Female,74.42,Yes
84.18,38.85,51.77,5.21,6.62,1,IT,Male,65.11,Yes
91.43,78.65,64.31,6.4,7.83,0,IT,Female,100.0,No
73.29,82.53,79.52,0.5,8.25,2,IT,Female,84.88,No
90.39,82.75,74.86,1.47,6.99,1,CSE,Female,100.0,No
97.59,67.51,68.55,10.28,4.87,0,CSE,Male,100.0,No
60.9,75.99,97.85,3.39,5.43,2,CSE,Female,77.73,Yes
86.24,49.13,78.24,7.13,7.89,1,IT,Male,100.0,No
77.29,69.71,70.99,7.13,7.49,1,IT,Male,97.17,No
66.42,60.18,96.73,0.5,7.69,0,EEE,Female,88.8,No
75.19,61.18,75.12,4.5,7.26,0,ME,Male,88.4,No
77.58,69.53,100.0,6.16,6.73,0,ECE,Female,100.0,No
69.36,56.84,81.49,6.53,8.35,0,CSE,Male,86.58,No
65.85,75.01,61.53,8.83,6.68,1,EEE,Female,88.13,No
69.6,70.75,67.28,6.65,7.58,1,EEE,Female,78.38,No
74.54,74.6,75.09,4.95,7.17,1,CSE,Male,86.05,No
96.28,75.88,61.59,5.49,6.63,0,CSE,Female,92.66,No
72.18,62.91,59.14,7.06,9.52,2,CSE,Male,90.2,No
85.47,68.65,60.16,6.48,8.61,1,CSE,Female,98.41,No
72.25,72.06,80.03,5.45,8.02,3,IT,Male,71.46,Yes
54.97,77.16,67.52,4.86,6.35,0,ECE,Female,81.36,No
81.89,69.15,62.08,5.04,6.33,0,CSE,Male,90.13,No
90.7,89.92,67.12,7.92,8.35,0,CSE,Female,100.0,No
74.5,55.34,56.7,3.04,6.41,0,ECE,Male,80.38,No
61.44,77.92,90.9,6.53,7.99,0,ECE,Female,80.85,No
50.38,58.47,62.07,0.5,9.84,0,ECE,Female,65.54,Yes
64.19,45.21,70.49,9.65,9.16,0,EEE,Female,100.0,No
87.21,55.9,78.26,7.6,6.02,2,EEE,Female,81.5,No
84.05,88.21,100.0,4.06,6.14,1,ECE,Male,93.27,No
81.09,43.1,61.89,6.21,6.61,1,CSE,Male,85.88,No
54.48,62.62,50.96,4.33,6.39,0,CSE,Male,63.05,Yes
83.69,67.66,99.28,8.4,6.62,0,CSE,Female,100.0,No
88.58,68.38,86.41,6.45,4.7,1,CSE,Female,90.22,No
91.71,74.73,72.61,4.56,3.93,0,ECE,Male,96.44,No
75.69,100.0,71.96,5.1,7.89,2,IT,Male,89.57,No
87.93,57.11,66.35,4.79,9.51,0,EEE,Male,88.77,No
89.51,57.77,49.02,7.22,7.6,2,ECE,Male,81.55,No
67.71,52.19,88.1,5.45,6.57,0,ECE,Female,86.7,No
81.12,64.56,67.75,3.16,6.73,2,IT,Female,79.24,No
68.72,96.14,58.5,4.6,8.48,0,IT,Male,100.0,No
67.22,79.49,75.98,6.7,4.78,0,EEE,Male,83.17,No
82.62,63.67,75.73,9.77,6.21,0,ECE,Female,97.21,No
72.6,70.68,82.95,5.26,9.01,1,CSE,Female,98.69,No
83.55,46.02,71.84,2.6,5.7,0,ME,Male,80.89,No
71.64,66.85,77.35,4.19,7.82,0,IT,Male,91.28,No
93.69,91.37,87.88,8.61,7.06,0,ME,Female,100.0,No
73.19,62.57,67.94,1.84,8.84,0,CSE,Male,87.78,No
90.04,53.89,85.09,6.64,6.84,2,CSE,Male,85.27,No
84.85,70.95,53.83,7.94,5.5,1,CSE,Male,86.48,No
75.06,30.89,77.73,7.35,6.72,2,EEE,Male,69.49,Yes
67.66,58.45,72.4,7.06,8.73,0,IT,Female,87.97,No
68.79,93.12,67.28,8.57,8.74,1,EEE,Female,100.0,No
58.87,73.16,56.39,7.03,6.13,1,ME,Male,84.75,No
91.96,76.85,55.8,4.13,6.19,0,ECE,Male,90.68,No
77.11,88.94,94.88,4.94,7.72,2,ME,Female,97.38,No
99.19,59.44,73.04,5.92,6.77,1,CSE,Male,84.78,No
87.38,64.18,70.2,6.44,8.79,0,IT,Male,98.2,No
69.58,74.71,79.46,6.46,7.75,0,CSE,Male,100.0,No
69.84,64.24,61.69,5.93,7.03,1,IT,Male,83.04,No
78.15,72.68,57.87,7.98,4.95,1,EEE,Female,77.76,Yes
87.09,93.21,75.13,5.17,7.05,0,CSE,Male,100.0,No
71.78,99.79,97.0,5.64,4.24,1,IT,Female,76.16,Yes
73.99,57.84,54.09,6.02,7.13,0,IT,Female,83.1,No
82.95,69.49,100.0,5.45,5.78,1,IT,Female,88.89,No
68.15,60.39,48.61,4.16,8.37,2,EEE,Male,67.77,Yes
64.28,65.41,87.73,5.9,7.59,0,ME,Female,73.23,Yes
69.42,60.44,82.53,6.31,4.76,0,IT,Male,82.19,No
46.56,79.61,82.95,6.53,6.26,2,EEE,Male,67.93,Yes
100.0,45.83,58.46,3.8,5.39,0,CSE,Female,87.71,No
81.87,60.27,50.77,6.14,4.87,0,CSE,Female,78.37,Yes
62.87,55.07,74.3,0.5,6.85,0,CSE,Male,70.31,Yes
87.02,71.13,83.66,8.03,6.77,0,IT,Male,89.83,No
75.39,65.38,69.67,4.44,6.62,0,CSE,Male,75.21,Yes
85.56,68.42,74.18,5.55,5.2,1,IT,Female,81.21,No
72.19,100.0,54.27,8.52,7.44,1,CSE,Female,97.59,No
77.77,87.89,62.51,7.7,8.45,0,ECE,Male,96.74,No
92.85,56.56,61.46,4.85,7.08,2,IT,Male,73.79,Yes
91.07,65.42,68.31,7.89,8.59,0,IT,Female,89.32,No
76.08,84.65,79.87,7.52,5.36,1,IT,Female,79.77,No
100.0,82.41,59.55,7.26,5.55,1,CSE,Male,95.53,No
52.51,61.15,98.05,2.78,7.41,0,ECE,Female,63.25,Yes
66.22,76.71,85.77,3.87,5.7,1,IT,Male,71.46,Yes
80.51,55.95,54.07,6.63,7.47,0,CSE,Male,93.33,No
67.39,72.57,69.74,3.3,7.51,0,ECE,Male,87.05,No
63.23,49.87,79.12,3.15,5.24,0,CSE,Male,79.67,No
86.28,59.42,85.56,8.37,6.24,1,CSE,Male,95.34,No
63.6,75.25,61.56,3.46,8.94,2,ECE,Male,87.06,No
77.33,60.1,79.55,5.72,5.07,2,IT,Male,69.6,Yes
76.18,79.67,46.13,4.82,7.94,1,EEE,Female,99.14,No
89.71,62.11,65.18,4.9,7.23,1,IT,Female,85.92,No
77.68,67.22,72.83,2.06,6.8,0,IT,Male,83.21,No
84.16,56.01,67.45,5.69,8.74,0,CSE,Female,78.93,No
97.54,53.7,66.77,6.06,6.84,0,CSE,Female,78.48,No
96.95,59.71,81.64,7.03,7.0,0,IT,Male,91.92,No
84.23,70.84,69.8,5.2,5.76,1,IT,Female,85.92,No
60.62,72.05,36.8,8.28,6.43,1,ECE,Female,85.67,No
82.96,81.78,64.95,5.43,7.01,1,CSE,Male,94.59,No
63.7,70.77,82.76,3.29,8.54,1,ECE,Male,83.39,No
81.01,93.89,57.11,6.78,6.79,4,IT,Male,67.91,Yes
95.44,92.53,68.72,8.85,7.22,1,ECE,Female,100.0,No
99.98,84.37,71.77,5.26,6.22,0,CSE,Female,88.87,No
75.32,50.89,57.13,2.91,4.35,0,CSE,Male,80.42,No
65.29,71.41,70.28,5.39,6.17,1,ECE,Female,83.98,No
72.44,71.79,87.13,2.99,5.07,2,IT,Male,61.59,Yes
67.92,100.0,78.81,7.62,5.84,0,CSE,Female,100.0,No
68.37,86.98,68.19,3.74,8.35,2,ECE,Female,78.1,Yes
82.29,62.19,65.46,8.03,7.72,2,EEE,Male,86.44,No
62.06,82.09,72.92,2.93,6.97,2,IT,Male,65.91,Yes
93.67,82.45,70.13,4.91,7.8,1,ECE,Female,93.37,No
100.0,89.06,77.33,4.39,5.49,1,CSE,Male,95.81,No
71.09,47.97,75.78,7.99,6.75,0,CSE,Male,94.94,No
88.8,67.45,81.95,4.8,7.5,0,IT,Female,98.09,No
97.74,61.75,59.8,5.46,7.36,0,ECE,Female,93.23,No
78.7,80.94,72.91,6.63,6.23,0,CSE,Male,100.0,No
81.69,77.54,66.23,3.75,8.68,4,CSE,Female,70.78,Yes
96.61,76.51,70.74,3.77,7.66,0,IT,Male,91.26,No
63.16,30.24,55.75,5.09,5.08,1,CSE,Female,63.41,Yes
62.16,82.93,96.17,4.54,5.2,0,ME,Male,82.25,No
62.15,67.24,51.28,7.67,6.01,0,CSE,Female,94.55,No
66.72,58.31,77.62,5.44,6.72,1,ME,Male,79.98,No
85.06,74.43,76.6,3.85,6.7,1,IT,Male,74.75,Yes
61.18,86.84,55.14,4.03,6.68,1,IT,Male,65.42,Yes
79.17,77.22,64.24,3.1,5.66,1,IT,Male,79.63,No
81.55,64.22,71.02,6.86,7.8,1,ME,Male,82.06,No
80.22,46.96,71.63,6.5,7.29,2,ECE,Male,79.06,No
88.23,82.2,91.17,9.26,7.82,1,ME,Male,100.0,No
53.19,77.1,72.35,6.09,5.45,0,IT,Female,90.53,No
81.13,54.3,44.02,10.03,5.71,0,IT,Female,97.64,No
76.29,78.45,89.52,3.02,8.0,2,ME,Male,90.64,No
94.83,94.35,78.3,7.52,6.98,1,CSE,Female,100.0,No
83.79,74.85,49.58,6.21,8.65,4,ME,Male,78.05,Yes
91.0,58.14,71.59,6.9,7.86,1,IT,Male,98.66,No
72.3,70.61,70.44,7.65,5.92,1,EEE,Male,72.47,Yes
79.41,63.67,58.32,2.01,10.0,0,ECE,Male,81.58,No
87.75,68.4,73.48,7.87,7.78,0,CSE,Female,90.14,No
95.7,60.22,46.57,9.41,7.74,1,IT,Male,93.92,No
82.1,76.17,86.92,3.72,6.72,0,ECE,Female,92.76,No
72.37,77.08,72.4,4.69,5.26,0,CSE,Female,88.54,No
100.0,75.84,59.78,5.68,6.44,1,EEE,Female,90.09,No
100.0,60.84,55.1,7.88,7.66,2,IT,Male,80.87,No
86.97,69.35,67.73,3.94,6.54,0,CSE,Male,80.07,No
58.65,78.41,75.38,6.85,6.78,1,IT,Male,81.95,No
92.15,61.75,89.87,5.13,7.47,1,CSE,Female,83.37,No
78.98,67.2,97.89,4.54,6.7,1,EEE,Male,73.57,Yes
71.96,83.32,74.27,7.38,7.86,1,ME,Male,96.31,No
100.0,83.03,77.0,1.15,8.26,1,IT,Female,92.47,No
70.53,44.75,42.01,8.45,8.71,0,IT,Male,92.82,No
62.35,93.85,75.2,6.87,6.4,1,EEE,Female,87.91,No
88.47,60.75,61.3,4.26,6.57,0,ME,Female,72.59,Yes
72.08,70.91,100.0,5.75,8.17,1,ME,Male,94.28,No
65.97,60.01,36.32,4.02,7.31,0,CSE,Male,70.94,Yes
82.28,52.87,71.06,5.97,6.0,3,CSE,Male,79.9,No
57.44,65.66,52.49,4.93,5.89,1,ECE,Male,73.65,Yes
68.13,67.31,72.09,5.22,7.84,0,CSE,Male,91.69,No
78.72,71.92,81.31,7.44,7.05,1,ME,Male,90.32,No
100.0,85.8,55.65,4.55,7.01,3,ECE,Male,75.34,Yes
70.9,61.3,69.88,6.62,6.78,2,CSE,Female,67.45,Yes
74.77,47.73,81.19,4.48,6.97,0,EEE,Male,84.14,No
65.02,80.28,47.11,6.64,6.95,1,EEE,Male,84.72,No
66.53,73.96,65.15,2.46,9.06,2,ECE,Female,79.75,No
75.01,69.86,65.26,3.14,6.72,1,CSE,Female,79.18,No
70.18,44.16,100.0,4.83,8.07,1,ECE,Male,84.36,No
91.19,61.84,80.63,5.82,9.15,0,ECE,Male,88.92,No
89.56,58.02,83.29,8.35,8.9,3,ECE,Female,84.17,No
68.6,79.52,85.46,3.4,7.12,1,ECE,Male,82.13,No
79.84,50.48,77.18,4.01,7.02,0,ECE,Female,84.33,No
83.33,55.98,60.83,9.05,3.87,0,IT,Male,86.08,No
78.55,73.72,68.85,5.46,4.64,0,ECE,Male,97.61,No
81.62,69.81,74.74,12.0,6.38,1,EEE,Female,100.0,No
87.49,56.93,84.37,5.75,9.9,0,IT,Female,100.0,No
75.44,60.57,67.08,6.44,6.53,0,CSE,Female,93.71,No
72.34,70.39,67.59,3.44,6.22,1,ME,Female,78.65,No
78.06,68.4,85.41,8.08,6.34,4,IT,Male,69.92,Yes
94.25,70.05,57.37,9.02,5.8,0,IT,Female,100.0,No
71.2,66.24,60.19,8.32,8.34,1,EEE,Female,89.08,No
54.57,83.13,52.69,2.29,7.55,1,IT,Male,76.21,Yes
64.5,71.07,77.23,10.41,8.85,1,ECE,Female,100.0,No
80.09,50.57,56.31,9.07,7.77,0,CSE,Female,86.6,No
78.29,65.52,67.75,3.07,6.81,2,ECE,Female,68.3,Yes
63.43,88.35,44.32,6.47,7.8,0,CSE,Female,89.01,No
83.68,62.02,75.9,7.77,7.71,0,CSE,Female,100.0,No
66.17,50.48,73.13,3.51,6.92,1,IT,Male,65.11,Yes
60.26,33.4,67.76,4.18,6.01,2,ME,Female,56.83,Yes
100.0,77.0,68.2,5.38,7.09,0,ME,Female,100.0,No
94.27,62.29,55.44,4.88,6.3,0,ME,Male,84.92,No
63.15,76.55,82.44,7.17,5.82,1,ECE,Male,78.59,No
71.98,71.48,75.59,7.02,5.54,2,ECE,Male,76.89,Yes
84.06,59.25,62.44,5.65,9.37,1,EEE,Female,99.14,No
83.68,64.64,57.23,4.48,5.29,0,IT,Male,82.7,No
71.69,82.62,62.13,4.2,6.94,0,ME,Female,100.0,No
85.88,65.98,65.78,8.01,7.67,0,IT,Male,92.58,No
80.9,64.65,96.98,3.92,6.08,0,IT,Female,69.13,Yes
63.35,68.66,90.46,1.99,10.0,0,CSE,Male,95.26,No
70.79,71.64,77.98,4.42,7.25,1,EEE,Female,70.27,Yes
67.33,85.45,79.87,4.97,8.18,0,ECE,Female,92.75,No
58.71,64.37,68.05,5.32,7.21,2,CSE,Male,71.96,Yes
76.63,84.89,85.61,6.73,7.25,0,ECE,Male,100.0,No
80.94,52.28,75.68,4.29,7.59,1,ME,Female,68.7,Yes
55.59,44.06,74.03,4.93,6.22,1,CSE,Male,71.28,Yes
60.44,60.86,68.95,3.28,6.91,1,ME,Male,68.86,Yes
73.38,65.82,75.15,5.05,5.96,1,CSE,Male,76.5,Yes
68.49,42.23,65.07,5.27,7.13,3,EEE,Female,51.38,Yes
68.92,67.95,72.92,7.6,6.34,1,CSE,Male,75.25,Yes
100.0,67.77,62.13,1.8,6.5,1,ME,Male,72.39,Yes
74.82,81.1,57.15,7.7,9.43,2,IT,Female,88.63,No
80.06,52.18,64.03,9.4,6.51,1,CSE,Male,92.84,No
67.49,60.0,83.31,5.14,7.95,2,EEE,Female,73.89,Yes
99.06,53.63,83.94,7.15,8.4,1,IT,Female,100.0,No
84.18,50.07,60.87,6.98,8.78,1,EEE,Female,88.88,No
97.03,73.32,79.21,2.19,8.43,0,IT,Male,91.07,No
59.77,54.71,85.96,6.62,5.5,0,EEE,Female,84.33,No
59.59,71.49,75.93,6.9,5.65,1,IT,Male,79.63,No
75.19,58.89,79.08,5.13,4.73,1,CSE,Male,86.65,No
93.2,74.91,91.74,5.2,8.06,0,ECE,Female,100.0,No
71.83,67.36,86.1,7.98,6.06,0,CSE,Male,96.98,No
61.02,78.6,82.97,5.1,7.45,0,IT,Male,99.11,No
78.77,68.26,70.57,4.32,8.7,1,ECE,Male,70.31,Yes
56.9,67.08,66.4,9.81,6.6,0,IT,Female,97.16,No
85.82,73.59,81.63,7.36,6.46,1,IT,Female,73.29,Yes
68.21,38.97,73.66,4.69,6.91,0,ME,Female,81.42,No
78.06,61.78,81.91,5.55,5.14,0,IT,Male,83.72,No
70.93,71.8,69.92,5.15,7.1,0,IT,Female,84.85,No
87.11,83.45,86.22,5.3,7.32,1,ECE,Male,87.63,No
75.77,97.06,32.97,3.86,6.84,0,ME,Female,88.79,No
90.69,65.16,49.51,6.16,6.99,0,IT,Male,95.46,No
77.84,67.07,75.19,6.21,7.57,1,ECE,Male,82.75,No
60.84,92.79,58.25,5.11,7.38,0,EEE,Male,88.34,No
87.5,60.68,68.13,8.6,6.54,0,CSE,Female,94.41,No
82.29,60.68,71.63,6.27,9.17,1,ECE,Female,74.75,Yes
82.4,46.64,63.13,6.33,7.35,1,IT,Male,71.02,Yes
82.51,68.67,71.56,8.9,8.49,0,CSE,Female,92.98,No
85.74,84.73,56.42,10.06,5.16,1,CSE,Female,92.13,No
69.24,70.74,62.75,5.01,6.18,1,IT,Male,68.41,Yes
66.88,59.94,77.26,9.11,7.52,1,IT,Male,90.89,No
81.37,67.02,55.66,6.2,6.28,0,EEE,Female,95.23,No
91.9,67.54,51.94,0.83,7.6,0,IT,Male,85.32,No
94.42,46.68,44.44,3.48,7.62,1,ECE,Female,59.71,Yes
87.76,49.94,77.77,10.04,5.51,1,EEE,Male,96.32,No
64.72,80.2,84.93,0.5,7.47,1,EEE,Female,87.62,No
96.6,44.83,82.53,4.61,6.31,0,ECE,Male,97.59,No
79.2,68.78,69.17,5.65,7.86,0,EEE,Male,99.35,No
84.92,61.67,68.43,7.97,6.72,1,CSE,Female,91.15,No
72.37,68.68,83.64,5.69,7.79,2,ECE,Male,83.21,No
91.9,90.11,57.79,3.1,5.69,0,CSE,Male,89.42,No
80.57,77.93,58.94,6.92,5.51,0,ECE,Male,81.05,No
87.75,84.82,65.29,7.12,7.32,2,IT,Male,98.11,No
68.05,81.14,61.31,9.68,8.26,2,EEE,Male,100.0,No
57.3,59.93,92.57,5.32,8.0,0,ECE,Male,83.7,No
100.0,68.2,61.05,5.87,6.55,2,IT,Male,83.64,No
86.86,79.7,91.89,5.44,6.17,0,IT,Female,91.67,No
68.3,84.64,93.74,3.73,7.31,0,EEE,Male,94.07,No
71.63,67.44,54.45,5.07,7.82,0,CSE,Male,91.83,No
78.56,85.9,79.35,6.31,6.67,0,ECE,Male,91.17,No
68.73,69.6,61.24,6.23,6.48,1,CSE,Male,78.96,No
73.38,76.69,65.98,3.98,7.56,1,CSE,Female,75.77,Yes
96.03,74.16,67.83,11.32,7.27,0,IT,Male,100.0,No
63.8,60.23,74.0,2.79,7.68,0,IT,Male,73.07,Yes
74.14,54.02,66.07,5.74,7.06,1,CSE,Female,70.74,Yes
53.7,71.58,91.81,3.18,7.02,0,ECE,Male,71.19,Yes
84.17,92.57,61.38,9.68,7.43,2,ME,Male,90.38,No
89.45,60.37,60.66,0.72,8.06,1,IT,Male,79.68,No
69.69,82.74,68.71,3.85,7.63,1,IT,Female,88.81,No
65.58,74.39,74.96,12.0,7.29,2,CSE,Female,90.29,No
89.01,49.08,80.84,6.99,8.81,2,ME,Male,76.22,Yes
98.25,64.91,50.17,4.09,7.03,4,ME,Male,62.04,Yes
70.24,89.05,51.56,7.1,6.54,0,IT,Male,84.4,No
85.32,61.53,60.18,2.17,7.3,0,IT,Female,82.22,No
81.73,59.28,54.79,4.08,8.27,0,IT,Male,80.91,No
79.57,93.37,86.07,6.71,6.9,1,CSE,Female,96.3,No
84.73,82.69,64.42,6.58,6.77,0,ECE,Male,93.43,No
87.45,60.34,99.78,5.24,7.3,2,EEE,Male,83.94,No
74.39,88.18,69.5,4.49,7.18,1,IT,Female,86.49,No
75.16,70.1,73.63,5.92,6.92,2,ECE,Male,76.87,Yes
70.81,62.49,76.98,4.77,7.21,1,CSE,Female,71.27,Yes
72.64,62.95,71.37,6.79,5.08,0,ECE,Female,80.6,No
75.57,55.48,76.17,7.47,8.07,1,ECE,Male,93.07,No
87.3,77.8,69.28,8.39,7.24,0,ME,Male,94.65,No
82.85,94.28,56.48,3.4,8.97,1,CSE,Female,93.3,No
85.34,71.56,73.39,3.68,6.64,0,ECE,Male,100.0,No
71.08,83.52,60.21,5.47,8.24,0,IT,Male,95.38,No
76.34,94.73,82.02,4.29,6.83,0,CSE,Male,96.73,No
77.61,80.21,85.26,4.64,8.66,2,CSE,Male,93.61,No
58.72,54.46,92.45,4.12,9.39,1,ECE,Female,78.82,No
56.84,59.54,87.94,8.2,7.19,1,IT,Male,87.19,No
78.81,70.72,76.6,4.46,5.41,3,ECE,Male,52.53,Yes
75.36,72.74,65.47,5.94,7.0,1,CSE,Female,82.22,No
66.75,76.48,70.53,4.97,7.57,0,CSE,Male,93.31,No
87.87,58.87,63.72,4.47,8.27,0,CSE,Female,100.0,No
65.71,66.66,58.03,1.98,5.71,1,ME,Male,76.81,Yes
86.23,73.28,55.66,4.87,6.93,1,IT,Female,76.84,Yes
80.69,72.0,69.65,7.77,6.36,0,CSE,Female,96.83,No
89.62,61.31,69.52,0.5,7.36,1,ECE,Female,74.16,Yes
71.24,65.0,72.22,5.04,6.21,0,IT,Male,85.04,No
94.4,58.86,70.19,5.93,5.34,0,IT,Male,90.72,No
69.88,84.35,76.42,3.57,6.21,1,IT,Male,86.85,No
80.78,74.89,50.7,3.24,8.32,0,CSE,Male,85.52,No
74.97,84.09,72.2,4.96,7.82,3,CSE,Female,79.55,No
76.62,50.09,67.35,5.13,7.7,0,IT,Male,75.73,Yes
55.04,55.29,61.04,1.39,5.87,1,IT,Male,55.29,Yes
78.25,47.2,52.95,3.54,7.51,1,EEE,Female,68.66,Yes
71.64,79.62,66.63,3.68,6.46,3,CSE,Male,81.89,No
100.0,62.97,90.3,6.43,5.89,0,EEE,Female,98.28,No
78.12,81.62,65.89,5.93,7.04,1,CSE,Male,75.2,Yes
87.86,64.43,88.0,3.3,6.03,0,ECE,Female,87.05,No
85.49,62.12,54.27,5.28,7.83,1,CSE,Male,92.4,No
78.93,64.54,62.66,8.12,6.41,0,ECE,Male,94.35,No
66.97,53.83,66.83,4.76,6.58,0,CSE,Male,73.09,Yes
93.33,71.11,70.37,6.09,7.73,0,CSE,Female,95.49,No
76.46,79.0,79.39,3.36,6.27,0,CSE,Male,93.39,No
76.44,82.92,67.57,3.33,5.68,0,CSE,Male,87.54,No
88.39,68.37,56.81,8.06,5.12,0,CSE,Male,88.26,No
90.37,72.73,62.85,5.0,5.38,1,ME,Female,82.05,No
82.82,93.14,57.35,1.65,8.34,0,ECE,Male,89.68,No
81.89,69.21,61.87,5.28,7.99,0,CSE,Male,98.37,No
76.72,72.8,79.79,0.8,6.3,0,CSE,Female,76.62,Yes
81.32,48.29,60.2,9.05,6.0,3,CSE,Male,79.3,No
86.04,53.02,61.53,4.69,7.32,0,CSE,Female,88.15,No
59.82,74.22,57.41,4.93,7.71,0,CSE,Male,80.36,No
65.55,93.17,96.8,5.44,6.67,1,ME,Female,95.31,No
77.13,62.75,67.08,5.94,6.68,0,ME,Female,83.51,No
68.96,83.28,81.09,6.7,7.56,0,IT,Male,84.99,No
81.98,73.52,77.07,8.78,7.32,0,ECE,Female,100.0,No
82.12,73.2,89.2,7.19,6.61,0,IT,Male,87.11,No
72.35,70.33,82.34,5.85,4.42,1,ME,Female,64.83,Yes
85.61,74.62,91.31,1.94,7.88,1,CSE,Female,87.39,No
100.0,54.34,44.08,4.06,5.26,1,ME,Female,75.13,Yes
75.29,75.61,62.54,6.78,7.33,0,EEE,Female,89.43,No
87.76,70.75,77.25,7.47,7.6,1,IT,Female,100.0,No
63.63,74.27,78.75,5.99,7.57,1,IT,Male,88.47,No
66.3,59.97,37.51,8.4,5.67,1,ME,Male,82.1,No
80.39,57.82,100.0,4.15,7.82,0,ECE,Male,90.72,No
76.93,66.61,53.14,4.74,7.83,0,ECE,Male,84.41,No
88.28,84.23,52.66,4.46,7.55,0,IT,Male,96.39,No
79.8,93.85,73.89,6.12,6.09,2,EEE,Female,82.35,No
88.2,50.13,80.9,6.98,6.03,0,IT,Male,90.59,No
93.33,90.08,98.15,6.6,5.9,1,IT,Male,97.84,No
71.92,73.35,85.48,5.7,6.37,0,IT,Male,94.34,No
69.51,70.59,75.45,7.6,6.5,0,IT,Male,93.39,No
84.57,85.58,84.12,2.02,7.64,0,CSE,Male,86.92,No
81.56,77.75,58.99,11.2,5.03,1,IT,Male,95.86,No
59.39,44.31,74.18,6.57,7.53,4,IT,Male,63.02,Yes
82.16,83.77,42.01,6.22,8.99,1,CSE,Female,74.46,Yes
68.07,76.86,72.38,6.07,7.49,1,ME,Female,75.67,Yes
75.18,73.28,74.5,3.9,7.98,0,CSE,Female,91.89,No
95.41,48.69,52.17,4.82,7.19,1,CSE,Male,75.66,Yes
81.95,56.1,73.1,4.69,6.82,1,EEE,Male,75.23,Yes
71.36,75.98,86.77,7.82,7.6,1,ME,Female,100.0,No
77.85,49.18,89.9,7.06,6.65,0,IT,Female,84.08,No
74.22,67.47,66.17,4.32,6.44,0,ECE,Male,77.3,Yes
85.37,58.53,91.71,5.07,6.08,2,IT,Female,87.35,No
67.09,74.6,85.43,2.34,7.94,0,ECE,Male,84.14,No
61.41,76.02,77.7,3.86,7.41,0,ECE,Female,82.76,No
95.59,44.63,76.8,8.19,7.07,0,IT,Female,94.04,No
67.84,77.95,77.15,6.12,6.48,1,ECE,Male,79.89,No
96.46,91.47,76.2,2.74,8.48,1,IT,Female,92.28,No
100.0,57.17,77.97,5.77,5.92,2,ECE,Female,71.09,Yes
95.3,77.91,84.19,5.6,7.42,2,ECE,Female,91.33,No
69.38,59.07,52.23,7.63,7.83,1,CSE,Female,96.48,No
78.89,60.97,73.67,2.19,6.56,1,CSE,Male,71.24,Yes
73.89,80.17,97.15,4.08,5.96,0,IT,Female,95.13,No
